"","as.matrix.biz.mods."
"1","ACC1002"
"2","ACC1006"
"3","ACC1701"
"4","ACC2002"
"5","ACC3601"
"6","ACC3602"
"7","ACC3603"
"8","ACC3604"
"9","ACC3605"
"10","ACC3606"
"11","ACC3611"
"12","ACC3612"
"13","ACC3613"
"14","ACC3614"
"15","ACC3616"
"16","ACC3619"
"17","ACC4611"
"18","ACC4612"
"19","ACC4613"
"20","ACC4614"
"21","ACC4615"
"22","ACC4619"
"23","ACC4629"
"24","ACC5001"
"25","BSP1004"
"26","BSP1005"
"27","BSP1702"
"28","BSP1703"
"29","BSP2001"
"30","BSP2005"
"31","BSP3001"
"32","BSP3513"
"33","BSP3516"
"34","BSP4513"
"35","DSC1007"
"36","DSC2006"
"37","DSC2008"
"38","DSC3201"
"39","DSC3202"
"40","DSC3203"
"41","DSC3214"
"42","DSC3215"
"43","DSC3216"
"44","DSC3222"
"45","DSC3224"
"46","DSC3229"
"47","DSC3239"
"48","DSC4211"
"49","DSC4213"
"50","DSC4215"
"51","DSC4216"
"52","DSC4217"
"53","DSC4219"
"54","DSC4229"
"55","DSC5101"
"56","DSC5102"
"57","DSC5103"
"58","DSC5121"
"59","DSC5211"
"60","FIN2004"
"61","FIN3101"
"62","FIN3102"
"63","FIN3103"
"64","FIN3113"
"65","FIN3115"
"66","FIN3116"
"67","FIN3117"
"68","FIN3118"
"69","FIN3119"
"70","FIN3120"
"71","FIN3129"
"72","FIN3130"
"73","FIN3131"
"74","FIN3132"
"75","FIN3139"
"76","FIN4111"
"77","FIN4112"
"78","FIN4113"
"79","FIN4115"
"80","FIN4116"
"81","FIN4117"
"82","FIN4118"
"83","FIN4119"
"84","FIN4122"
"85","FIN4123"
"86","FIN4129"
"87","FIN6003"
"88","FIN6004"
"89","HR2002"
"90","MKT1003"
"91","MKT1705"
"92","MKT2401"
"93","MKT2411"
"94","MKT2412"
"95","MKT2413"
"96","MKT2414"
"97","MKT3402"
"98","MKT3412"
"99","MKT3415"
"100","MKT3417"
"101","MKT3418"
"102","MKT3420"
"103","MKT3421"
"104","MKT3428"
"105","MKT3429"
"106","MKT3439"
"107","MKT4412"
"108","MKT4413"
"109","MKT4417"
"110","MKT4419"
"111","MKT4420"
"112","MKT4429"
"113","MNO1001"
"114","MNO1706"
"115","MNO2007"
"116","MNO2009"
"117","MNO2302"
"118","MNO2706"
"119","MNO3301"
"120","MNO3303"
"121","MNO3313"
"122","MNO3322"
"123","MNO3323"
"124","MNO3329"
"125","MNO3330"
"126","MNO3331"
"127","MNO3332"
"128","MNO3339"
"129","MNO4313"
"130","MNO4314"
"131","MNO4319"
"132","MNO4329"
"133","TR2201"
"134","TR2202"
"135","TR3001"
"136","TR3002"
"137","TR3202"
"138","TR3203"
"139","TR4049"
